id_usuario,nombre,username,mail,password,fecha_nacimiento
9,Jeffrey Aguirre,jaguirre1971,jaguirre@yahoo.it,dL1lawrd,2009-05-01
10,Antonio Shaw,ashaw1989,ashaw@icloud.com,qSOfdTgQ,1981-07-03
11,Michael Marshall,mmarshall1982,mmarshall@yahoo.es,JAteLxYq,1948-05-20
12,Steven Sullivan,ssullivan1988,ssullivan@yahoo.com,oSCRZPnt,1979-04-07
13,John Wade,jwade1974,jwade@gmail.com,Uua8Ljit,2007-03-27
19,Bradley Patel,bpatel1980,bpatel@icloud.com,4oeUETEP,1992-06-27
22,Daniel Bentley,dbentley1972,dbentley@yahoo.it,dVk9wNFx,2011-12-16
23,Donna Johnson,djohnson1984,djohnson@yahoo.es,oxf4uFom,1990-05-08
27,Teresa Chavez,tchavez1983,tchavez@hotmail.com,IpPsGbm0,1962-03-04
28,Alexandra Lambert,alambert1984,alambert@icloud.com,YIJMpBq3,1988-01-15
30,Courtney Zuniga,czuniga1995,czuniga@yahoo.es,WD76B8dh,1970-12-29
32,Mitchell Taylor,mtaylor1996,mtaylor@gmail.com,VP7qD9CW,1997-01-10
35,Dwayne Roberts,droberts1966,droberts@yahoo.it,MCaZ9dwb,1949-12-13
36,Leslie Moore,lmoore1966,lmoore@yahoo.com,uLZ8p2nf,2012-07-31
38,Amy Allen,aallen1997,aallen@yahoo.es,JOiUve4K,1974-12-01
40,Jasmine Oconnor,joconnor1986,joconnor@hotmail.com,eUsJ0bIE,1949-08-17
41,Sandra Ballard,sballard2001,sballard@hotmail.com,0cKXBQgM,1967-10-12
44,Heidi Hood,hhood1985,hhood@hotmail.com,wfhYEQHK,1996-06-15
45,Timothy Bryant,tbryant1985,tbryant@hotmail.com,NfUPGTeB,1975-04-03
46,Sherri Smith,ssmith1991,ssmith@hotmail.com,nwS2invN,1991-09-19
47,Jeffrey Brown,jbrown1968,jbrown@gmail.com,rUES9Men,1984-05-01
54,Kyle Mckenzie,kmckenzie1982,kmckenzie@yahoo.it,8unHco8S,1958-03-15
64,Michelle Weber,mweber1962,mweber@yahoo.it,TV912g59,2008-01-10
69,Jonathan Kennedy,jkennedy1987,jkennedy@hotmail.com,Nvxb8bUc,1991-06-17
74,Wendy Smith,wsmith2001,wsmith@yahoo.it,yiEbsYQQ,1948-05-22
76,Richard Doyle,rdoyle1985,rdoyle@gmail.com,6YnIZbGu,1970-03-27
77,Anthony Clark,aclark1972,aclark@yahoo.it,PsFGHSvv,1945-04-20
78,Kimberly Williams,kwilliams1970,kwilliams@gmail.com,QR867UAL,2006-02-01
79,Michael Stewart,mstewart1996,mstewart@hotmail.com,gnBKK1zl,1964-03-25
80,Nicholas Snyder,nsnyder1960,nsnyder@hotmail.com,38mdWYSX,1976-05-19
81,Holly Scott,hscott1985,hscott@gmail.com,fvaf0jVO,1978-04-21
82,Donald West,dwest1975,dwest@hotmail.com,h49f9vtW,1962-02-08
83,Peter Barber,pbarber1971,pbarber@icloud.com,5gtKhoFM,1982-06-27
84,David Kennedy,dkennedy1960,dkennedy@icloud.com,1cEgUKPh,1979-01-04
85,Alyssa Bryant,abryant1990,abryant@hotmail.com,TvuOp8nt,2015-02-10
86,Annette Randolph,arandolph1981,arandolph@yahoo.com,lYKgY0ln,1990-07-08
87,Melissa Rodriguez,mrodriguez1969,mrodriguez@yahoo.com,mVqchhZq,2012-01-03
88,Courtney Barr,cbarr1993,cbarr@gmail.com,Wwm7b2qs,1991-09-11
89,Amanda Smith,asmith1989,asmith@gmail.com,2HpVCr81,1946-09-28
90,James James,jjames1966,jjames@hotmail.com,nWcB06pO,1993-03-05
91,Travis Meyers,tmeyers1960,tmeyers@yahoo.it,rnFwF4aL,1975-07-22
92,Kristopher Poole,kpoole1969,kpoole@hotmail.com,nlHJ64kw,1957-05-18
93,Joanna Brewer,jbrewer1984,jbrewer@gmail.com,InlgLdUD,1997-04-15
94,Cynthia Simmons,csimmons1972,csimmons@yahoo.it,t6sHW9dD,1967-05-22
95,Minanda,minanda1972,minanda@hotmail.com,IUxIUoVM,1991-03-06
96,Mrs. Paula Monroe DDS,mpaula1990,mpaula@icloud.com,QLSkaoC4,1997-01-22
97,Jennifer Mclaughlin,jmclaughlin2001,jmclaughlin@yahoo.it,ewdv9IPt,1997-04-06
98,David Cline,dcline1963,dcline@yahoo.es,qn4RRRHk,2003-08-31
99,Allen Hicks,ahicks1988,ahicks@yahoo.es,Lx88NX4L,1946-09-19
100,Jason Stone,jstone1973,jstone@yahoo.com,OxmLgzvq,2004-09-27
101,Dawn Peters,dpeters1968,dpeters@icloud.com,wSmv55zq,1980-09-08
102,Benjamin Miller,bmiller1969,bmiller@yahoo.it,RRMlowlh,1984-09-26
103,Nicholas Carter,ncarter1964,ncarter@icloud.com,5w9UIytL,1949-08-26
104,Danielle Middleton,dmiddleton1994,dmiddleton@gmail.com,mukaT7rx,1982-01-10
105,Charles Gordon,cgordon1977,cgordon@gmail.com,kc8gQfxD,1972-09-28
106,Charles Tucker,ctucker1961,ctucker@yahoo.es,wCnJiML8,1997-08-08
107,Sierra Garrett,sgarrett1983,sgarrett@hotmail.com,aJ1i7pVt,2014-09-14
108,Laura Mcdaniel,lmcdaniel1995,lmcdaniel@icloud.com,suykYALE,1946-03-20
109,Jeff Fischer,jfischer1960,jfischer@yahoo.com,wjQQsWFm,1997-02-13
110,Craig Smith,csmith1994,csmith@hotmail.com,tzxSkUzQ,1992-04-05
111,Ryan Merritt,rmerritt1967,rmerritt@icloud.com,5lqZRmWV,2007-08-16
112,Jennifer Hopkins,jhopkins1985,jhopkins@yahoo.es,zLaETntd,1964-04-05
113,Mr. Terry Ward,mterry1965,mterry@yahoo.com,4QaoW1b6,1977-11-16
114,Carol Welch,cwelch1963,cwelch@gmail.com,sbeW0wlo,1988-01-22
115,Alexa York,ayork1984,ayork@icloud.com,VRlki1jC,1965-04-15
116,Mr. Brent Barajas,mbrent1977,mbrent@hotmail.com,SltGL55J,1998-11-30
117,Sharon Vaughan,svaughan1970,svaughan@gmail.com,OBgdy9ZL,1955-03-18
118,Steven Stephenson,sstephenson2001,sstephenson@yahoo.es,yqP3SOFT,1959-02-12
119,Sheena Harrison,sharrison2000,sharrison@yahoo.es,dqJ3UlcF,1966-03-20
120,Amanda Sandoval,asandoval1990,asandoval@yahoo.es,Mnv5OmqE,2007-12-01
121,Dean Warner,dwarner1963,dwarner@icloud.com,Mz5QOECs,1944-10-23
122,Caroline Wilson,cwilson1965,cwilson@gmail.com,2V1fvJAB,1988-11-17
123,Jack Bryant,jbryant1971,jbryant@yahoo.com,EyjXHUYs,1989-03-18
124,Jennifer Wilson,jwilson1979,jwilson@yahoo.it,gvkCBAv2,2002-11-26
125,Gregory Berry,gberry1982,gberry@yahoo.it,rDUQSQVX,1986-07-01
126,Matthew Hammond,mhammond1980,mhammond@icloud.com,OVyLrJKy,2000-08-26
127,Paul Davis,pdavis2001,pdavis@gmail.com,vFjUO6Rc,1976-03-20
128,Melinda Hess,mhess1971,mhess@yahoo.com,dkoUQ5wV,1956-05-01
129,Richard Cummings,rcummings1976,rcummings@gmail.com,b8plrpfa,1958-10-30
130,Eric Taylor,etaylor1969,etaylor@yahoo.it,NZQdoyvw,2002-12-28
131,Sandra White,swhite1976,swhite@yahoo.it,AlTbt6GM,1944-09-19
132,Kayla Schmidt,kschmidt1998,kschmidt@yahoo.it,LDDxFcrU,1960-02-15
133,Brian Rios,brios1983,brios@icloud.com,ow8NkWYm,2003-08-01
134,Joseph Harrison,jharrison1997,jharrison@yahoo.es,ZCtisRw5,1966-11-21
135,Ximelez,ximelez1965,ximelez@gmail.com,IUxIUoVM,2005-08-28
136,Aaron Greene,agreene1968,agreene@yahoo.es,COO4xT9X,2002-02-12
137,Alexander Webb,awebb1962,awebb@yahoo.es,5e7AnmrQ,1979-05-18
138,Kevin Jackson,kjackson1963,kjackson@yahoo.es,aOqas1F7,1978-08-16
139,Jason Williams,jwilliams1974,jwilliams@yahoo.it,vmDmX83Y,1994-06-23
140,Katherine Smith,ksmith2000,ksmith@icloud.com,HP8EuHQ2,1951-01-16
141,Jessica Taylor,jtaylor1997,jtaylor@yahoo.com,5f3ioZ9I,2002-04-30
142,Matthew Whitney,mwhitney1991,mwhitney@hotmail.com,qVYt81JH,1959-07-05
143,Sharon Weber,sweber1966,sweber@gmail.com,1KvE1GH9,2004-11-30
144,Michael Pugh,mpugh1999,mpugh@icloud.com,idyJuY0H,1993-06-28
145,Thomas Ashley,tashley1984,tashley@icloud.com,0ZhZO33t,1944-01-10
146,John Wade,jwade1981,jwade@icloud.com,ENjqJ0g3,1966-03-05
147,Barbara Sanchez,bsanchez1994,bsanchez@yahoo.com,zeW5Pha5,1992-01-25
148,Mario Shepard,mshepard1995,mshepard@hotmail.com,3vVZGIhO,2014-12-19
149,Amanda Robertson,arobertson1963,arobertson@yahoo.it,eXCXIleM,2016-11-06
150,Jared Pratt,jpratt1973,jpratt@yahoo.it,kcQDLiw5,1949-05-01
